ID,name
"AF","Afghanistan"
"AX","Åland Islands"
"AL","Albania"
"DZ","Algeria"
"AS","American Samoa"
"AD","Andorra"
"AO","Angola"
"AI","Anguilla"
"AQ","Antarctica"
"AG","Antigua and Barbuda"
"AR","Argentina"
"AM","Armenia"
"AW","Aruba"
"AU","Australia"
"AU-TAS","Australia (Tasmania)"
"AT","Austria"
"AZ","Azerbaijan"
"BS","Bahamas"
"BH","Bahrain"
"BD","Bangladesh"
"BB","Barbados"
"BY","Belarus"
"BE","Belgium"
"BZ","Belize"
"BJ","Benin"
"BM","Bermuda"
"BT","Bhutan"
"BO","Bolivia"
"BA","Bosnia and Herzegovina"
"BW","Botswana"
"BV","Bouvet Island"
"BR","Brazil"
"BR-AM","Brazil (AM)"
"BR-DF","Brazil (DF)"
"BR-BA","Brazil (BA)"
"BR-ES","Brazil (ES)"
"BR-MG","Brazil (MG)"
"BR-PA","Brazil (PA)"
"BR-PE","Brazil (PE)"
"BR-PR","Brazil (PR)"
"BR-RJ","Brazil (RJ)"
"BR-SP","Brazil (SP)"
"IO","British Indian Ocean Territory"
"VG","British Virgin Islands"
"BN","Brunei"
"BG","Bulgaria"
"BF","Burkina Faso"
"BI","Burundi"
"KH","Cambodia"
"CM","Cameroon"
"CA","Canada"
"CA-AB","Canada (Alberta)"
"CV","Cape Verde"
"KY","Cayman Islands"
"CF","Central African Republic"
"TD","Chad"
"CL","Chile"
"CN","China"
"CN-54","China (Tibet)"
"CX","Christmas Island"
"CC","Cocos Islands"
"CO","Colombia"
"KM","Comoros"
"CK","Cook Islands"
"CR","Costa Rica"
"CR-P","Costa Rica (Cocos Island)"
"HR","Croatia"
"CU","Cuba"
"CW","Curaçao"
"CY","Cyprus"
"CZ","Czech Republic"
"CD","Democratic Republic of the Congo"
"DK","Denmark"
"DJ","Djibouti"
"DM","Dominica"
"DO","Dominican Republic"
"EC","Ecuador"
"EC-W","Ecuador (Galapagos Islands)"
"EG","Egypt"
"SV","El Salvador"
"GQ","Equatorial Guinea"
"ER","Eritrea"
"EE","Estonia"
"ET","Ethiopia"
"FK","Falkland Islands"
"FO","Faroe Islands"
"FM","Federated States of Micronesia"
"FM-PNI","Federated States of Micronesia (Pohnpei)"
"FM-YAP","Federated States of Micronesia (Yap)"
"FJ","Fiji"
"FI","Finland"
"FI-10","Finland (Lapland)"
"FR","France"
"FR-H","France (Corsica)"
"GF","French Guiana"
"PF","French Polynesia"
"TF","French Southern and Antarctic Lands"
"GA","Gabon"
"GM","Gambia"
"GE","Georgia"
"DE","Germany"
"GH","Ghana"
"GI","Gibraltar"
"GR","Greece"
"GR-K","Greece (Lesbos)"
"GR-M","Greece (Crete)"
"GL","Greenland"
"GD","Grenada"
"GP","Guadeloupe"
"GU","Guam"
"GT","Guatemala"
"GG","Guernsey"
"GN","Guinea"
"GW","Guinea-Bissau"
"GY","Guyana"
"HT","Haiti"
"HM","Heard Island and McDonald Islands"
"VA","Holy See (Vatican City)"
"HN","Honduras"
"HK","Hong Kong"
"HU","Hungary"
"IS","Iceland"
"IN","India"
"IN-AS","India (Assam)"
"IN-JK","India (Kashmir)"
"ID","Indonesia"
"ID-JW","Indonesia (Java)"
"ID-KA","Indonesia (Kalimantan)"
"ID-MA","Indonesia (Maluku)"
"ID-NB","Indonesia (Sumbawa)"
"ID-PB","Indonesia (Misool)"
"ID-PP","Indonesia (Irian Jaya)"
"ID-SL","Indonesia (Sulawesi)"
"ID-SM","Indonesia (Sumatra)"
"IR","Iran"
"IQ","Iraq"
"IE","Ireland"
"IM","Isle of Man"
"IL","Israel"
"IT","Italy"
"IT-82","Italy (Sicily)"
"IT-88","Italy (Sardinia)"
"CI","Côte d'Ivoire"
"JM","Jamaica"
"JP","Japan"
"JP-47","Japan, (Okinawa)"
"JE","Jersey"
"JO","Jordan"
"KZ","Kazakhstan"
"KZ-VOS","Kazakhstan (East Kazakhstan)"
"KE","Kenya"
"KI","Kiribati"
"XK","Kosovo"
"KW","Kuwait"
"KG","Kyrgyzstan"
"LA","Laos"
"LV","Latvia"
"LB","Lebanon"
"LS","Lesotho"
"LR","Liberia"
"LY","Libya"
"LI","Liechtenstein"
"LT","Lithuania"
"LU","Luxembourg"
"MO","Macau"
"MK","Macedonia"
"MG","Madagascar"
"MW","Malawi"
"MY","Malaysia"
"MY-04","Malaysia (Melaka)"
"MY-08","Malaysia (Perak)"
"MY-12","Malaysia (Sabah)"
"MY-13","Malaysia (Sarawak)"
"MV","Maldives"
"ML","Mali"
"MT","Malta"
"MH","Marshall Islands"
"MQ","Martinique"
"MR","Mauritania"
"MU","Mauritius"
"MU-RO","Rodriguez Island"
"YT","Mayotte"
"MX","Mexico"
"MX-CMX","Mexico (Ciudad de México)"
"MX-GRO","Mexico (Guerrero)"
"MX-HID","Mexico (Hidalgo)"
"MX-PUE","Mexico (Puebla)"
"MX-TAB","Mexico (Tabasco)"
"MX-VER","Mexico (Veracruz)"
"MD","Moldova"
"MC","Monaco"
"MN","Mongolia"
"ME","Montenegro"
"MS","Montserrat"
"MA","Morocco"
"MZ","Mozambique"
"MM","Myanmar"
"NA","Namibia"
"NR","Nauru"
"NP","Nepal"
"NL","Netherlands"
"AN","Netherlands Antilles"
"NC","New Caledonia"
"NZ","New Zealand"
"NI","Nicaragua"
"NE","Niger"
"NG","Nigeria"
"NU","Niue"
"NF","Norfolk Island"
"KP","North Korea"
"MP","Northern Mariana Islands"
"NO","Norway"
"OM","Oman"
"PK","Pakistan"
"PW","Palau"
"PS","Palestine"
"PA","Panama"
"PG","Papua New Guinea"
"PG-EBR","Papua New Guinea (East New Britain)"
"PG-MBA","Papua New Guinea (Milne Bay)"
"PG-NIK","Papua New Guinea (New Ireland)"
"PY","Paraguay"
"PE","Peru"
"PH","Philippines"
"PH-BEN","Philippines (Luzon, Benguet)"
"PH-NUV","Philippines (Luzon, Nueva Vizcaya)"
"PN","Pitcairn Islands"
"PL","Poland"
"PT","Portugal"
"PT-20","Portugal (Azores)"
"PT-30","Portugal (Madeira and Selvagens Islands)"
"PR","Puerto Rico"
"QA","Qatar"
"CG","Republic of the Congo"
"RE","Reunion"
"RO","Romania"
"RU","Russia"
"RU-AL","Russia (Altai)"
"RU-AMU","Russia (Amur)"
"RU-DA","Russia (Daghestan)"
"RU-VGG","Russia (Sarepta)"
"RW","Rwanda"
"BL","Saint Barthelemy"
"SH","Saint Helena"
"KN","Saint Kitts and Nevis"
"LC","Saint Lucia"
"MF","Saint Martin"
"PM","Saint Pierre and Miquelon"
"VC","Saint Vincent and the Grenadines"
"WS","Samoa"
"SM","San Marino"
"ST","Sao Tome and Principe"
"ST-P","Sao Tome and Principe (Principe)"
"ST-S","Sao Tome and Principe (São Tomé)"
"SA","Saudi Arabia"
"SN","Senegal"
"RS","Serbia"
"SC","Seychelles"
"SL","Sierra Leone"
"SG","Singapore"
"SX","Sint Maarten"
"SK","Slovakia"
"SI","Slovenia"
"SB","Solomon Islands"
"SO","Somalia"
"ZA","South Africa"
"GS","South Georgia and South Sandwich Islands"
"KR","South Korea"
"SS","South Sudan"
"ES","Spain"
"ES-CN","Spain (Canary Islands)"
"ES-IB","Spain (Balearic Islands)"
"LK","Sri Lanka"
"SD","Sudan"
"SR","Suriname"
"SJ","Svalbard"
"SZ","Swaziland"
"SE","Sweden"
"CH","Switzerland"
"SY","Syria"
"TW","Taiwan"
"TJ","Tajikistan"
"TZ","Tanzania"
"TH","Thailand"
"TL","Timor-Leste"
"TG","Togo"
"TK","Tokelau"
"TO","Tonga"
"TT","Trinidad and Tobago"
"TN","Tunisia"
"TR","Turkey"
"TM","Turkmenistan"
"TC","Turks and Caicos Islands"
"TV","Tuvalu"
"UG","Uganda"
"UA","Ukraine"
"AE","United Arab Emirates"
"AE-DU","Dubai"
"GB","United Kingdom"
"GB-GBN","Great Britain"
"GB-ENG","England"
"US","United States"
"US-AK","United States (Alaska)"
"US-AR","United States (Arkansas)"
"US-AZ","United States (Arizona)"
"US-CA","United States (California)"
"US-CO","United States (Colorado)"
"US-DE","United States (Delaware)"
"US-FL","United States (Florida)"
"US-HI","United States (Hawaii Islands)"
"US-IA","United States (Iowa)"
"US-IL","United States (Illinois)"
"US-KY","United States (Kentucky)"
"US-LA","United States (Louisiana)"
"US-MA","United States (Massachusetts)"
"US-MO","United States (Missouri)"
"US-NC","United States (North Carolina)"
"US-NJ","United States (New Jersey)"
"US-NM","United States (New Mexico)"
"US-NV","United States (Nevada)"
"US-NY","United States (New York)"
"US-TX","United States (Texas)"
"US-UT","United States (Utah)"
"US-WA","United States (Washington)"
"US-WI","United States (Wisconsin)"
"US-WY","United States (Wyoming)"
"UY","Uruguay"
"UZ","Uzbekistan"
"VU","Vanuatu"
"VE","Venezuela"
"VN","Vietnam"
"VI","Virgin Islands"
"WF","Wallis and Futuna"
"EH","Western Sahara"
"YE","Yemen"
"YE-AD","Yemen (Aden)"
"YE-SU","Yemen (Sokotra Island)"
"ZM","Zambia"
"ZW","Zimbabwe"
"UM","United States Minor Outlying Islands"
"UM-79","United States Minor Outlying Islands (Wake Island)"
